"","athlete.sex","type","averageSpeed","averageDistance","averageElevationGain","averageIncline","score","n"
"1","F","Ride",5.45185857908847,29467.7793565684,272.183445040214,0.00904863497220812,165105.882641578,1492
"2","F","Run",2.56685526315789,7063.55377574371,69.0533752860412,0.00906561704609869,18662.8702452419,1748
"3","M","Ride",6.25996953010279,35964.724082232,352.236160058737,0.0101727315110279,231753.039801431,2724
"4","M","Run",2.99014848484848,8749.63050505051,93.2955555555556,0.00974813213652071,26999.5970899235,990
